workset_mib	trial	pool	total_lines	active_classes	class_space	coverage_pct	max_share_pct	top16_share_pct	normalized_entropy	effective_classes_hhi	cv	avg_classes_per_page	min_classes_per_page	max_classes_per_page
1	1	victim	16384	128	128	100.000000	1.757812	23.046875	0.978130227	105.703226	0.459279327	4.000000	4	4
1	1	c0	16384	128	128	100.000000	1.367188	19.531250	0.988294593	116.095660	0.320217211	4.000000	4	4
1	1	c1	16384	128	128	100.000000	1.269531	20.312500	0.984038956	111.455782	0.385275875	4.000000	4	4
1	1	c2	16384	128	128	100.000000	1.269531	18.359375	0.983669598	112.027350	0.377595187	4.000000	4	4
1	1	c3	16384	128	128	100.000000	1.757812	23.828125	0.977929302	105.109864	0.466662016	4.000000	4	4
1	1	c4	16384	124	128	96.875000	1.562500	23.437500	0.966154053	98.996979	0.541265877	4.000000	4	4
1	2	victim	16384	124	128	96.875000	1.562500	23.437500	0.966154053	98.996979	0.541265877	4.000000	4	4
1	2	c0	16384	128	128	100.000000	1.757812	23.828125	0.977929302	105.109864	0.466662016	4.000000	4	4
1	2	c1	16384	128	128	100.000000	1.269531	18.359375	0.983669598	112.027350	0.377595187	4.000000	4	4
1	2	c2	16384	128	128	100.000000	1.269531	20.312500	0.984038956	111.455782	0.385275875	4.000000	4	4
1	2	c3	16384	128	128	100.000000	1.367188	19.531250	0.988544805	116.301686	0.317152861	4.000000	4	4
1	2	c4	16384	128	128	100.000000	1.660156	22.656250	0.979034636	106.649308	0.447431908	4.000000	4	4
1	3	victim	16384	128	128	100.000000	1.660156	22.656250	0.979034636	106.649308	0.447431908	4.000000	4	4
1	3	c0	16384	128	128	100.000000	1.367188	19.531250	0.988544805	116.301686	0.317152861	4.000000	4	4
1	3	c1	16384	128	128	100.000000	1.269531	20.312500	0.984038956	111.455782	0.385275875	4.000000	4	4
1	3	c2	16384	128	128	100.000000	1.269531	18.359375	0.983669598	112.027350	0.377595187	4.000000	4	4
1	3	c3	16384	128	128	100.000000	1.757812	23.828125	0.977929302	105.109864	0.466662016	4.000000	4	4
1	3	c4	16384	124	128	96.875000	1.562500	23.437500	0.966154053	98.996979	0.541265877	4.000000	4	4
1	4	victim	16384	124	128	96.875000	1.562500	23.437500	0.966154053	98.996979	0.541265877	4.000000	4	4
1	4	c0	16384	128	128	100.000000	1.757812	23.828125	0.977929302	105.109864	0.466662016	4.000000	4	4
1	4	c1	16384	128	128	100.000000	1.269531	18.359375	0.983669598	112.027350	0.377595187	4.000000	4	4
1	4	c2	16384	128	128	100.000000	1.269531	20.312500	0.984038956	111.455782	0.385275875	4.000000	4	4
1	4	c3	16384	128	128	100.000000	1.367188	19.531250	0.988544805	116.301686	0.317152861	4.000000	4	4
1	4	c4	16384	128	128	100.000000	1.660156	22.656250	0.979034636	106.649308	0.447431908	4.000000	4	4
1	5	victim	16384	128	128	100.000000	1.660156	22.656250	0.979034636	106.649308	0.447431908	4.000000	4	4
1	5	c0	16384	128	128	100.000000	1.367188	19.531250	0.988544805	116.301686	0.317152861	4.000000	4	4
1	5	c1	16384	128	128	100.000000	1.269531	20.312500	0.984038956	111.455782	0.385275875	4.000000	4	4
1	5	c2	16384	128	128	100.000000	1.269531	18.359375	0.983669598	112.027350	0.377595187	4.000000	4	4
1	5	c3	16384	128	128	100.000000	1.757812	23.828125	0.977929302	105.109864	0.466662016	4.000000	4	4
1	5	c4	16384	124	128	96.875000	1.562500	23.437500	0.966154053	98.996979	0.541265877	4.000000	4	4
8	1	victim	131072	128	128	100.000000	1.123047	17.382812	0.995297311	122.398891	0.213918462	4.000000	4	4
8	1	c0	131072	128	128	100.000000	1.123047	16.992188	0.994157382	121.354184	0.234016653	4.000000	4	4
8	1	c1	131072	128	128	100.000000	1.025391	16.015625	0.997238763	124.620920	0.164665929	4.000000	4	4
8	1	c2	131072	128	128	100.000000	1.171875	18.750000	0.987710390	114.317362	0.345962341	4.000000	4	4
8	1	c3	131072	128	128	100.000000	1.123047	17.968750	0.992856104	119.516271	0.266428014	4.000000	4	4
8	1	c4	131072	128	128	100.000000	1.025391	16.113281	0.990910994	118.570249	0.282008526	4.000000	4	4
8	2	victim	131072	128	128	100.000000	1.025391	16.113281	0.990910994	118.570249	0.282008526	4.000000	4	4
8	2	c0	131072	128	128	100.000000	1.123047	17.968750	0.992856104	119.516271	0.266428014	4.000000	4	4
8	2	c1	131072	128	128	100.000000	1.171875	18.750000	0.987710390	114.317362	0.345962341	4.000000	4	4
8	2	c2	131072	128	128	100.000000	1.025391	16.015625	0.997238763	124.620920	0.164665929	4.000000	4	4
8	2	c3	131072	128	128	100.000000	1.123047	16.992188	0.994157382	121.354184	0.234016653	4.000000	4	4
8	2	c4	131072	128	128	100.000000	1.110840	17.236328	0.995435025	122.574163	0.210394266	4.000000	4	4
8	3	victim	131072	128	128	100.000000	1.110840	17.236328	0.995435025	122.574163	0.210394266	4.000000	4	4
8	3	c0	131072	128	128	100.000000	1.123047	16.992188	0.994157382	121.354184	0.234016653	4.000000	4	4
8	3	c1	131072	128	128	100.000000	1.025391	16.015625	0.997238763	124.620920	0.164665929	4.000000	4	4
8	3	c2	131072	128	128	100.000000	1.171875	18.750000	0.987710390	114.317362	0.345962341	4.000000	4	4
8	3	c3	131072	128	128	100.000000	1.123047	17.968750	0.992856104	119.516271	0.266428014	4.000000	4	4
8	3	c4	131072	128	128	100.000000	1.025391	16.113281	0.990910994	118.570249	0.282008526	4.000000	4	4
8	4	victim	131072	128	128	100.000000	1.025391	16.113281	0.990910994	118.570249	0.282008526	4.000000	4	4
8	4	c0	131072	128	128	100.000000	1.123047	17.968750	0.992856104	119.516271	0.266428014	4.000000	4	4
8	4	c1	131072	128	128	100.000000	1.171875	18.750000	0.987710390	114.317362	0.345962341	4.000000	4	4
8	4	c2	131072	128	128	100.000000	1.025391	16.015625	0.997238763	124.620920	0.164665929	4.000000	4	4
8	4	c3	131072	128	128	100.000000	1.123047	16.992188	0.994157382	121.354184	0.234016653	4.000000	4	4
8	4	c4	131072	128	128	100.000000	1.110840	17.236328	0.995435025	122.574163	0.210394266	4.000000	4	4
8	5	victim	131072	128	128	100.000000	1.110840	17.236328	0.995435025	122.574163	0.210394266	4.000000	4	4
8	5	c0	131072	128	128	100.000000	1.123047	16.992188	0.994157382	121.354184	0.234016653	4.000000	4	4
8	5	c1	131072	128	128	100.000000	1.025391	16.015625	0.997238763	124.620920	0.164665929	4.000000	4	4
8	5	c2	131072	128	128	100.000000	1.171875	18.750000	0.987710390	114.317362	0.345962341	4.000000	4	4
8	5	c3	131072	128	128	100.000000	1.123047	17.968750	0.992856104	119.516271	0.266428014	4.000000	4	4
8	5	c4	131072	128	128	100.000000	1.025391	16.113281	0.990910994	118.570249	0.282008526	4.000000	4	4
64	1	victim	1048576	128	128	100.000000	0.932312	14.562988	0.998881829	126.626143	0.104161962	4.000000	4	4
64	1	c0	1048576	128	128	100.000000	0.787354	12.597656	0.999996364	127.995484	0.005940198	4.000000	4	4
64	1	c1	1048576	128	128	100.000000	0.787354	12.530518	0.999999582	127.999481	0.002013235	4.000000	4	4
64	1	c2	1048576	128	128	100.000000	0.787354	12.597656	0.999997248	127.996582	0.005167483	4.000000	4	4
64	1	c3	1048576	128	128	100.000000	0.787354	12.597656	0.999994079	127.992646	0.007580163	4.000000	4	4
64	1	c4	1048576	128	128	100.000000	0.787354	12.597656	0.999996757	127.995972	0.005609924	4.000000	4	4
64	2	victim	1048576	128	128	100.000000	0.920105	14.587402	0.998766185	126.495673	0.109051908	4.000000	4	4
64	2	c0	1048576	128	128	100.000000	0.787354	12.585449	0.999998722	127.998413	0.003521046	4.000000	4	4
64	2	c1	1048576	128	128	100.000000	0.787354	12.597656	0.999998428	127.998047	0.003906250	4.000000	4	4
64	2	c2	1048576	128	128	100.000000	0.787354	12.591553	0.999998600	127.998261	0.003686443	4.000000	4	4
64	2	c3	1048576	128	128	100.000000	0.781250	12.500000	1.000000000	128.000000	0.000000000	4.000000	4	4
64	2	c4	1048576	128	128	100.000000	0.787354	12.591553	0.999998600	127.998261	0.003686443	4.000000	4	4
64	3	victim	1048576	128	128	100.000000	0.787354	12.597656	0.999997396	127.996765	0.005027163	4.000000	4	4
64	3	c0	1048576	128	128	100.000000	0.793457	12.640381	0.999995037	127.993836	0.006939780	4.000000	4	4
64	3	c1	1048576	128	128	100.000000	0.938416	14.770508	0.998712461	126.419449	0.111814274	4.000000	4	4
64	3	c2	1048576	128	128	100.000000	0.793457	12.695312	0.999983062	127.978977	0.012816802	4.000000	4	4
64	3	c3	1048576	128	128	100.000000	0.787354	12.579346	0.999998796	127.998505	0.003417969	4.000000	4	4
64	3	c4	1048576	128	128	100.000000	0.787354	12.579346	0.999998796	127.998505	0.003417969	4.000000	4	4
64	4	victim	1048576	128	128	100.000000	0.787354	12.579346	0.999998796	127.998505	0.003417969	4.000000	4	4
64	4	c0	1048576	128	128	100.000000	0.787354	12.579346	0.999998796	127.998505	0.003417969	4.000000	4	4
64	4	c1	1048576	128	128	100.000000	0.856018	13.269043	0.999876656	127.846193	0.034685157	4.000000	4	4
64	4	c2	1048576	128	128	100.000000	0.927734	14.501953	0.998996521	126.761341	0.098851330	4.000000	4	4
64	4	c3	1048576	128	128	100.000000	0.787354	12.579346	0.999998796	127.998505	0.003417969	4.000000	4	4
64	4	c4	1048576	128	128	100.000000	0.787354	12.579346	0.999998796	127.998505	0.003417969	4.000000	4	4
64	5	victim	1048576	128	128	100.000000	0.787354	12.579346	0.999998796	127.998505	0.003417969	4.000000	4	4
64	5	c0	1048576	128	128	100.000000	0.787354	12.579346	0.999998796	127.998505	0.003417969	4.000000	4	4
64	5	c1	1048576	128	128	100.000000	0.897217	14.270020	0.998904391	126.663875	0.102706337	4.000000	4	4
64	5	c2	1048576	128	128	100.000000	0.817871	13.037109	0.999922117	127.903363	0.027487242	4.000000	4	4
64	5	c3	1048576	128	128	100.000000	0.787354	12.579346	0.999998796	127.998505	0.003417969	4.000000	4	4
64	5	c4	1048576	128	128	100.000000	0.785828	12.518311	0.999999779	127.999725	0.001464844	4.000000	4	4
