workset_mib	trial	candidate	shared_active_classes	union_active_classes	set_jaccard	weighted_jaccard	cosine_similarity	total_variation
1	1	c0	128	128	1.000000000	0.635782748	0.878931251	0.222656250
1	1	c1	128	128	1.000000000	0.667752443	0.901287151	0.199218750
1	1	c2	128	128	1.000000000	0.662337662	0.876635112	0.203125000
1	1	c3	128	128	1.000000000	0.635782748	0.877974931	0.222656250
1	1	c4	128	128	1.000000000	0.651612903	0.863904699	0.210937500
1	2	c0	128	128	1.000000000	0.673202614	0.890665535	0.195312500
1	2	c1	128	128	1.000000000	0.651612903	0.873690141	0.210937500
1	2	c2	128	128	1.000000000	0.615141956	0.856888462	0.238281250
1	2	c3	128	128	1.000000000	0.651612903	0.884221590	0.210937500
1	2	c4	128	128	1.000000000	0.651612903	0.862213256	0.210937500
1	3	c0	128	128	1.000000000	0.635782748	0.881453510	0.222656250
1	3	c1	128	128	1.000000000	0.667752443	0.901287151	0.199218750
1	3	c2	128	128	1.000000000	0.656957929	0.875797830	0.207031250
1	3	c3	128	128	1.000000000	0.635782748	0.879737049	0.222656250
1	3	c4	128	128	1.000000000	0.651612903	0.862213256	0.210937500
1	4	c0	128	128	1.000000000	0.673202614	0.890665535	0.195312500
1	4	c1	128	128	1.000000000	0.651612903	0.873690141	0.210937500
1	4	c2	128	128	1.000000000	0.615141956	0.856888462	0.238281250
1	4	c3	128	128	1.000000000	0.651612903	0.884221590	0.210937500
1	4	c4	128	128	1.000000000	0.651612903	0.862213256	0.210937500
1	5	c0	128	128	1.000000000	0.635782748	0.881453510	0.222656250
1	5	c1	128	128	1.000000000	0.667752443	0.901287151	0.199218750
1	5	c2	128	128	1.000000000	0.656957929	0.875797830	0.207031250
1	5	c3	128	128	1.000000000	0.635782748	0.879737049	0.222656250
1	5	c4	128	128	1.000000000	0.651612903	0.862213256	0.210937500
8	1	c0	128	128	1.000000000	0.781644193	0.960837938	0.122558594
8	1	c1	128	128	1.000000000	0.794916740	0.959846761	0.114257812
8	1	c2	128	128	1.000000000	0.724631579	0.932467564	0.159667969
8	1	c3	128	128	1.000000000	0.754927164	0.946296579	0.139648438
8	1	c4	128	128	1.000000000	0.710944027	0.932787924	0.168945312
8	2	c0	128	128	1.000000000	0.706666667	0.927350470	0.171875000
8	2	c1	128	128	1.000000000	0.809187279	0.968164469	0.105468750
8	2	c2	128	128	1.000000000	0.744463373	0.942049068	0.146484375
8	2	c3	128	128	1.000000000	0.750427350	0.945953542	0.142578125
8	2	c4	128	128	1.000000000	0.712374582	0.933728937	0.167968750
8	3	c0	128	128	1.000000000	0.781644193	0.960774876	0.122558594
8	3	c1	128	128	1.000000000	0.794916740	0.959726981	0.114257812
8	3	c2	128	128	1.000000000	0.726085124	0.933718986	0.158691406
8	3	c3	128	128	1.000000000	0.755679383	0.946747559	0.139160156
8	3	c4	128	128	1.000000000	0.712374582	0.933728937	0.167968750
8	4	c0	128	128	1.000000000	0.706666667	0.927350470	0.171875000
8	4	c1	128	128	1.000000000	0.809187279	0.968164469	0.105468750
8	4	c2	128	128	1.000000000	0.744463373	0.942049068	0.146484375
8	4	c3	128	128	1.000000000	0.750427350	0.945953542	0.142578125
8	4	c4	128	128	1.000000000	0.712374582	0.933728937	0.167968750
8	5	c0	128	128	1.000000000	0.781644193	0.960774876	0.122558594
8	5	c1	128	128	1.000000000	0.794916740	0.959726981	0.114257812
8	5	c2	128	128	1.000000000	0.726085124	0.933718986	0.158691406
8	5	c3	128	128	1.000000000	0.755679383	0.946747559	0.139160156
8	5	c4	128	128	1.000000000	0.712374582	0.933728937	0.167968750
64	1	c0	128	128	1.000000000	0.956999522	0.998593699	0.021972656
64	1	c1	128	128	1.000000000	0.953615930	0.998351861	0.023742676
64	1	c2	128	128	1.000000000	0.957233305	0.998619645	0.021850586
64	1	c3	128	128	1.000000000	0.954548166	0.998415297	0.023254395
64	1	c4	128	128	1.000000000	0.953499463	0.998373760	0.023803711
64	2	c0	128	128	1.000000000	0.993308595	0.999960900	0.003356934
64	2	c1	128	128	1.000000000	0.971600481	0.999480366	0.014404297
64	2	c2	128	128	1.000000000	0.972312508	0.999419972	0.014038086
64	2	c3	128	128	1.000000000	0.996952892	0.999989033	0.001525879
64	2	c4	128	128	1.000000000	0.995736647	0.999983073	0.002136230
64	3	c0	128	128	1.000000000	0.995615104	0.999983192	0.002197266
64	3	c1	128	128	1.000000000	0.969230769	0.999229932	0.015625000
64	3	c2	128	128	1.000000000	0.976476265	0.999578867	0.011901855
64	3	c3	128	128	1.000000000	0.995736647	0.999983430	0.002136230
64	3	c4	128	128	1.000000000	0.996466216	0.999987007	0.001770020
64	4	c0	128	128	1.000000000	0.956532123	0.998574347	0.022216797
64	4	c1	128	128	1.000000000	0.953266571	0.998461981	0.023925781
64	4	c2	128	128	1.000000000	0.958168997	0.998738016	0.021362305
64	4	c3	128	128	1.000000000	0.953033735	0.998341402	0.024047852
64	4	c4	128	128	1.000000000	0.953499463	0.998461624	0.023803711
64	5	c0	128	128	1.000000000	0.987746436	0.999916915	0.006164551
64	5	c1	128	128	1.000000000	0.963801990	0.998952258	0.018432617
64	5	c2	128	128	1.000000000	0.969822663	0.999405099	0.015319824
64	5	c3	128	128	1.000000000	0.994157741	0.999972583	0.002929688
64	5	c4	128	128	1.000000000	0.995493575	0.999977828	0.002258301
